Country Name,2019 [YR2019]
Burundi,5.17203999926172
Luxembourg,206.580145839872
